{"V1": {"23E": 0.43295933163264455, "23I": 2.081129653044767, "4E": 3.408768032383658, "4I": 3.052218435680599, "5E": 6.071408455946891, "5I": 4.763678587404069, "6E": 1.5349857594217329, "6I": 4.474103015959411, "total": 25.819251271473775}, "V2": {"23E": 0.40368870211450303, "23I": 2.1961673842772518, "4E": 3.9238119134298484, "4I": 3.1251736588243637, "5E": 1.4698504422220617, "5I": 5.65840887157396, "6E": 0.9343177731003594, "6I": 5.204766969745939, "total": 22.91618571528829}, "VP": {"23E": 0.5758355576539466, "23I": 1.8952187785530756, "4E": 4.377144083996541, "4I": 3.357387095124224, "5E": 0.0005243661571809978, "5I": 5.151565021808201, "6E": 0.9611114282716611, "6I": 4.781084291530594, "total": 21.099870623095423}, "V3": {"23E": 0.5357473248705692, "23I": 1.9314416915925419, "4E": 4.437698934703834, "4I": 3.544841045221541, "5E": 1.697403995349699, "5I": 5.250625786840666, "6E": 0.9720799020319868, "6I": 4.84328163857249, "total": 23.213120319183325}, "V3A": {"23E": 0.14783934408287747, "23I": 2.1590353775832485, "4E": 4.893576968696558, "4I": 3.5775505305126356, "5E": 2.3651936891709067, "5I": 5.842090861647882, "6E": 0.6861541662494861, "6I": 5.4505552118537, "total": 25.121996149797294}, "MT": {"23E": 0.16908924356422883, "23I": 2.269229277058782, "4E": 5.17604424711654, "4I": 3.8218369837513593, "5E": 3.0546788941879335, "5I": 5.503458125209591, "6E": 0.8752119011686964, "6I": 5.445710981607937, "total": 26.31525965366507}, "V4t": {"23E": 0.20072789176616773, "23I": 1.9832861271244804, "4E": 3.9521554416775384, "4I": 3.227134201399293, "5E": 2.514524723873755, "5I": 5.284106731402203, "6E": 0.8517317121329752, "6I": 4.3917875305148435, "total": 22.405454359891255}, "V4": {"23E": 0.21130765433293447, "23I": 2.369712587999853, "4E": 5.397107265301013, "4I": 3.909406185755731, "5E": 2.4654819412611673, "5I": 6.184393661472098, "6E": 1.0942026737725632, "6I": 5.243077987226433, "total": 26.87468995712179}, "VOT": {"23E": 0.09849792581445385, "23I": 1.9485586725191981, "4E": 4.412323821870488, "4I": 3.569305123375039, "5E": 2.1858455772299155, "5I": 5.006292816348774, "6E": 0.9059948768662601, "6I": 4.458085320851491, "total": 22.584904134875618}, "MSTd": {"23E": 0.47702701293356736, "23I": 2.4515911844027114, "4E": 7.720796182773442, "4I": 4.225085224709019, "5E": 2.583620930385122, "5I": 6.406569566761068, "6E": 0.23531836468913644, "6I": 5.336869016861343, "total": 29.436877483515406}, "PIP": {"23E": 0.37954358560660484, "23I": 2.454079804538717, "4E": 7.52877575442832, "4I": 4.318707984954583, "5E": 1.986472927060188, "5I": 6.576576058441015, "6E": 0.2104130250927635, "6I": 5.527414785096185, "total": 28.981983925218373}, "PO": {"23E": 0.35925456620706425, "23I": 2.418095730490159, "4E": 7.149033301461799, "4I": 4.068099469209697, "5E": 2.91663260467816, "5I": 6.399308637480235, "6E": 0.27600995452729227, "6I": 5.380794446927513, "total": 28.96722871098192}, "DP": {"23E": 0.5204159774563145, "23I": 2.487584071572556, "4E": 7.995682755519985, "4I": 4.231363827172259, "5E": 2.291778878703423, "5I": 6.490694939754537, "6E": 0.17258074068673826, "6I": 5.4039626129180744, "total": 29.594063803783886}, "MIP": {"23E": 0.4664161882408596, "23I": 2.5040825680322616, "4E": 7.788529919213557, "4I": 4.158841728793991, "5E": 4.090564743051678, "5I": 6.545701995589715, "6E": 0.23379226762527705, "6I": 5.397730063776539, "total": 31.18565947432388}, "MDP": {"23E": 0.2835376547989769, "23I": 3.6369593496474684, "4E": 10.216532938100544, "4I": 6.1028616776967946, "5E": 0.9124217887300821, "5I": 9.807855729177492, "6E": 0.07620189560263138, "6I": 8.363016374200035, "total": 39.39938740795402}, "VIP": {"23E": 0.30537267091833503, "23I": 2.6112514674524183, "4E": 7.319216411462136, "4I": 4.472718077975824, "5E": 1.7431691853735478, "5I": 6.970416605096785, "6E": 0.5261610005824285, "6I": 6.125680368075894, "total": 30.07398578693737}, "LIP": {"23E": 0.4473229234291777, "23I": 2.455169988972047, "4E": 7.603470173135036, "4I": 4.169512934541241, "5E": 2.109648475510232, "5I": 6.472247077443509, "6E": 0.18446799245973305, "6I": 5.3871683060869895, "total": 28.829007871577964}, "PITv": {"23E": 0.14448264015459683, "23I": 2.1161162573978007, "4E": 4.207961029874853, "4I": 3.4999812586934445, "5E": 2.890336287310902, "5I": 5.643577539721266, "6E": 0.743765429690732, "6I": 4.659548937917249, "total": 23.905769380760844}, "PITd": {"23E": 0.18080188097211725, "23I": 2.1825717158297855, "4E": 4.996976415570255, "4I": 3.8264871159926512, "5E": 2.2788086409823745, "5I": 5.367187875534667, "6E": 0.8691920901895045, "6I": 5.215038961958287, "total": 24.917064697029637}, "MSTl": {"23E": 0.4204020849092283, "23I": 2.260753408909293, "4E": 7.094967648502823, "4I": 3.939665533710368, "5E": 2.130128788476731, "5I": 5.9492018035635965, "6E": 0.2207400233133805, "6I": 4.970201264455316, "total": 26.986060555840734}, "CITv": {"23E": 0.3868407365020316, "23I": 2.4841325867507793, "4E": 8.454567801283968, "4I": 4.434922071092843, "5E": 3.8547005798011442, "5I": 6.792227718891637, "6E": 0.14665430973143015, "6I": 5.509950814150276, "total": 32.063996618204115}, "CITd": {"23E": 0.2674529197283989, "23I": 2.1974494972335292, "4E": 6.584895670242285, "4I": 3.9638182369907513, "5E": 1.0755463079100307, "5I": 5.999033254472433, "6E": 0.12302678830883385, "6I": 5.04013853329114, "total": 25.2513612081774}, "FEF": {"23E": 0.6639007907812936, "23I": 2.727746023177533, "4E": 10.049808362854078, "4I": 4.911533052668239, "5E": 3.713873606415466, "5I": 7.3142611481563815, "6E": 0.23258981518645908, "6I": 5.869446013375928, "total": 35.48315881261538}, "TF": {"23E": 0.4532196779740841, "23I": 2.687847194944342, "4E": 8.835755044660797, "4I": 4.723592982889253, "5E": 1.9943267744991828, "5I": 7.165343550154351, "6E": 0.15152826730413366, "6I": 5.957896748795159, "total": 31.9695102412213}, "AITv": {"23E": 0.5496299602735041, "23I": 2.4835227042587995, "4E": 8.764944461137034, "4I": 4.439504927307715, "5E": 3.033488718325443, "5I": 6.663922022682708, "6E": 0.11098265162705839, "6I": 5.41532586666065, "total": 31.461321312272915}, "FST": {"23E": 0.6030277742131095, "23I": 2.5802867490042267, "4E": 9.40432657624199, "4I": 4.656362489666463, "5E": 1.8439945064952836, "5I": 6.932283209637011, "6E": 0.05124282845944896, "6I": 5.644223153203585, "total": 31.715747286921122}, "7a": {"23E": 0.7003091148491354, "23I": 2.7147363559703352, "4E": 10.057242226041264, "4I": 4.86756445468581, "5E": 1.9847019135423514, "5I": 7.2567439485536855, "6E": 0.07299206419425525, "6I": 5.882392566484157, "total": 33.53668264432099}, "STPp": {"23E": 0.7167850090986262, "23I": 2.7580707225923495, "4E": 10.830669714443669, "4I": 5.304146693723696, "5E": 2.7594614754181466, "5I": 7.546478904222943, "6E": 0.10316987050820527, "6I": 6.019040131802191, "total": 36.03782252180982}, "STPa": {"23E": 0.5049229894949699, "23I": 2.4038512800193477, "4E": 9.062975929827024, "4I": 4.881630068560309, "5E": 2.031797883121056, "5I": 6.777024300821958, "6E": 0.11031019203811526, "6I": 5.47794876350749, "total": 31.25046140739027}, "46": {"23E": 0.7649038707033933, "23I": 2.8122602056137507, "4E": 10.940395574878162, "4I": 5.045634697996588, "5E": 4.474506742661198, "5I": 7.656680636171761, "6E": 0.09150788872170737, "6I": 6.087658171668029, "total": 37.87354778841459}, "AITd": {"23E": 0.5785480053807224, "23I": 2.522085862986453, "4E": 8.809082258427656, "4I": 4.37820328225186, "5E": 3.0504061336444637, "5I": 6.664263350267735, "6E": 0.1133398009397487, "6I": 5.424423739597458, "total": 31.5403524334961}, "TH": {"23E": 0.5412705913703875, "23I": 3.7823882875680046, "5E": 2.7954266431154937, "5I": 6.140991194441987, "6E": 0.0523150348637011, "6I": 6.296442214743214, "4E": 0.0, "4I": 0.0, "total": 19.60883396610279}}